episode,max_episodes,reward,steps,elapsed_s,time
1,1000,-8.385185,85,1.6,2026-09-20 20:37:41
2,1000,-12.696201,85,2.4,2026-09-20 20:37:42
3,1000,-10.987162,85,3.0,2026-09-20 20:37:43
4,1000,-11.395199,85,3.6,2026-09-20 20:37:43
5,1000,-9.997708,85,4.3,2026-09-20 20:37:44
6,1000,-9.186025,85,4.8,2026-09-20 20:37:45
7,1000,-9.361370,85,5.4,2026-09-20 20:37:45
8,1000,-12.511628,85,6.0,2026-09-20 20:37:46
9,1000,-6.712788,85,6.6,2026-09-20 20:37:46
10,1000,-6.521985,85,7.3,2026-09-20 20:37:47
11,1000,-5.522805,85,7.9,2026-09-20 20:37:48
12,1000,-5.442157,85,8.5,2026-09-20 20:37:48
13,1000,-7.415045,85,9.1,2026-09-20 20:37:49
14,1000,-8.726589,85,9.7,2026-09-20 20:37:50
15,1000,-5.783822,85,10.4,2026-09-20 20:37:50
16,1000,-4.758854,85,11.0,2026-09-20 20:37:51
17,1000,-12.315864,85,11.6,2026-09-20 20:37:51
18,1000,-8.532967,85,12.1,2026-09-20 20:37:52
19,1000,-11.560981,85,12.8,2026-09-20 20:37:53
20,1000,-13.831837,85,13.4,2026-09-20 20:37:53
21,1000,-5.632648,85,13.9,2026-09-20 20:37:54
22,1000,-8.025117,85,14.6,2026-09-20 20:37:54
23,1000,-7.931577,85,15.1,2026-09-20 20:37:55
24,1000,-13.474006,85,15.6,2026-09-20 20:37:55
25,1000,-17.272084,85,16.3,2026-09-20 20:37:56
26,1000,-14.813078,85,16.8,2026-09-20 20:37:57
27,1000,-11.182529,85,17.4,2026-09-20 20:37:57
28,1000,-13.217174,85,18.0,2026-09-20 20:37:58
29,1000,-11.089982,85,18.6,2026-09-20 20:37:58
30,1000,-8.126113,85,19.3,2026-09-20 20:37:59
31,1000,-9.769852,85,19.9,2026-09-20 20:38:00
32,1000,-11.313656,85,21.7,2026-09-20 20:38:01
33,1000,-6.112593,85,22.3,2026-09-20 20:38:02
34,1000,-8.652660,85,22.8,2026-09-20 20:38:03
35,1000,-11.812772,85,23.5,2026-09-20 20:38:03
36,1000,-3.721500,85,24.1,2026-09-20 20:38:04
37,1000,-10.366476,85,24.6,2026-09-20 20:38:04
38,1000,-15.997667,85,25.2,2026-09-20 20:38:05
39,1000,-10.473072,85,25.9,2026-09-20 20:38:06
40,1000,-12.010571,85,26.4,2026-09-20 20:38:06
41,1000,-12.534460,85,27.0,2026-09-20 20:38:07
42,1000,-9.443307,85,27.6,2026-09-20 20:38:07
43,1000,-9.597496,85,28.3,2026-09-20 20:38:08
44,1000,-11.078496,85,28.9,2026-09-20 20:38:09
45,1000,-10.902199,85,29.5,2026-09-20 20:38:09
46,1000,-5.361968,85,30.1,2026-09-20 20:38:10
47,1000,-4.919760,85,30.7,2026-09-20 20:38:11
48,1000,-19.821787,71,31.2,2026-09-20 20:38:11
49,1000,-11.181483,85,31.8,2026-09-20 20:38:12
50,1000,-8.574210,85,32.5,2026-09-20 20:38:12
51,1000,-5.329490,85,33.1,2026-09-20 20:38:13
52,1000,-8.390041,85,33.6,2026-09-20 20:38:13
53,1000,-8.359058,85,34.2,2026-09-20 20:38:14
54,1000,-8.863254,85,34.9,2026-09-20 20:38:15
55,1000,-12.204464,85,35.4,2026-09-20 20:38:15
56,1000,-11.829900,85,36.1,2026-09-20 20:38:16
57,1000,-7.257258,85,36.8,2026-09-20 20:38:17
58,1000,-7.298195,85,37.3,2026-09-20 20:38:17
59,1000,-13.242237,85,38.0,2026-09-20 20:38:18
60,1000,-14.896066,85,38.6,2026-09-20 20:38:18
61,1000,-15.276816,85,39.1,2026-09-20 20:38:19
62,1000,-15.302804,85,39.8,2026-09-20 20:38:20
63,1000,-9.352547,85,41.2,2026-09-20 20:38:21
64,1000,-5.639149,85,41.8,2026-09-20 20:38:22
65,1000,-6.640680,85,42.5,2026-09-20 20:38:22
66,1000,-6.865900,85,43.0,2026-09-20 20:38:23
67,1000,-7.696128,85,43.7,2026-09-20 20:38:24
68,1000,-7.865129,85,44.3,2026-09-20 20:38:24
69,1000,-19.331555,85,45.0,2026-09-20 20:38:25
70,1000,-10.279933,85,45.6,2026-09-20 20:38:25
71,1000,-14.622092,85,46.2,2026-09-20 20:38:26
72,1000,-7.983204,85,46.9,2026-09-20 20:38:27
73,1000,-3.780219,85,47.5,2026-09-20 20:38:27
74,1000,-14.131772,85,48.2,2026-09-20 20:38:28
75,1000,-8.273971,85,48.7,2026-09-20 20:38:29
76,1000,-5.053097,85,49.3,2026-09-20 20:38:29
77,1000,-8.762575,85,49.9,2026-09-20 20:38:30
78,1000,-10.682168,85,50.5,2026-09-20 20:38:30
79,1000,-4.878054,85,51.1,2026-09-20 20:38:31
80,1000,-8.266806,85,51.7,2026-09-20 20:38:32
81,1000,-9.806596,85,52.3,2026-09-20 20:38:32
82,1000,-8.558177,85,53.0,2026-09-20 20:38:33
83,1000,-7.653390,85,53.6,2026-09-20 20:38:33
84,1000,-9.698667,85,54.1,2026-09-20 20:38:34
85,1000,-10.647002,85,54.8,2026-09-20 20:38:35
86,1000,-16.351014,85,55.5,2026-09-20 20:38:35
87,1000,-11.742882,85,56.0,2026-09-20 20:38:36
88,1000,-6.857294,85,56.7,2026-09-20 20:38:37
89,1000,-10.727772,85,57.3,2026-09-20 20:38:37
90,1000,-7.135091,85,57.9,2026-09-20 20:38:38
91,1000,-13.727314,85,58.5,2026-09-20 20:38:38
92,1000,-7.985370,85,59.1,2026-09-20 20:38:39
93,1000,-6.913883,85,59.8,2026-09-20 20:38:40
94,1000,-4.753462,85,61.2,2026-09-20 20:38:41
95,1000,-15.440272,85,61.8,2026-09-20 20:38:42
96,1000,-13.004541,85,62.5,2026-09-20 20:38:42
97,1000,-9.274335,85,63.0,2026-09-20 20:38:43
98,1000,-8.921434,85,63.7,2026-09-20 20:38:44
99,1000,-5.858785,85,64.4,2026-09-20 20:38:44
100,1000,-8.843764,85,64.9,2026-09-20 20:38:45
101,1000,-7.150846,85,65.6,2026-09-20 20:38:45
102,1000,-9.000600,85,66.2,2026-09-20 20:38:46
103,1000,-19.162612,85,66.7,2026-09-20 20:38:47
104,1000,-8.960780,85,67.4,2026-09-20 20:38:47
105,1000,-5.124397,85,67.9,2026-09-20 20:38:48
106,1000,-10.442467,85,68.5,2026-09-20 20:38:48
107,1000,-7.061756,85,69.2,2026-09-20 20:38:49
108,1000,-6.795246,85,69.7,2026-09-20 20:38:50
109,1000,-13.731312,85,70.5,2026-09-20 20:38:50
110,1000,-5.878502,85,71.0,2026-09-20 20:38:51
111,1000,-9.425730,85,71.7,2026-09-20 20:38:52
112,1000,-6.640077,85,72.3,2026-09-20 20:38:52
113,1000,-6.295935,85,72.9,2026-09-20 20:38:53
114,1000,-12.483113,85,73.6,2026-09-20 20:38:53
115,1000,-4.190212,85,74.3,2026-09-20 20:38:54
116,1000,-10.424001,85,74.9,2026-09-20 20:38:55
117,1000,-9.423849,85,75.5,2026-09-20 20:38:55
118,1000,-8.979558,85,76.1,2026-09-20 20:38:56
119,1000,-5.725790,85,76.8,2026-09-20 20:38:57
120,1000,-11.727745,85,77.4,2026-09-20 20:38:57
121,1000,-6.299534,85,78.1,2026-09-20 20:38:58
122,1000,-8.123998,85,78.7,2026-09-20 20:38:59
123,1000,-6.965236,85,79.3,2026-09-20 20:38:59
124,1000,-3.829184,85,79.8,2026-09-20 20:39:00
125,1000,-5.277288,85,81.2,2026-09-20 20:39:01
126,1000,-5.285255,85,81.9,2026-09-20 20:39:02
127,1000,-3.772041,85,82.5,2026-09-20 20:39:02
128,1000,-5.954746,85,83.2,2026-09-20 20:39:03
129,1000,-2.467943,85,83.8,2026-09-20 20:39:04
130,1000,-4.344625,85,84.3,2026-09-20 20:39:04
131,1000,-3.882103,85,84.9,2026-09-20 20:39:05
132,1000,-10.784600,85,85.5,2026-09-20 20:39:05
133,1000,-5.642904,85,86.1,2026-09-20 20:39:06
134,1000,-3.911617,85,86.8,2026-09-20 20:39:07
135,1000,-5.245009,85,87.4,2026-09-20 20:39:07
136,1000,-4.088826,85,88.0,2026-09-20 20:39:08
137,1000,-6.636533,85,88.7,2026-09-20 20:39:09
138,1000,-7.656448,85,89.2,2026-09-20 20:39:09
139,1000,-3.086660,85,89.9,2026-09-20 20:39:10
140,1000,-14.975870,85,90.6,2026-09-20 20:39:10
141,1000,-5.695551,85,91.1,2026-09-20 20:39:11
142,1000,-11.815823,85,91.7,2026-09-20 20:39:11
143,1000,-3.222247,85,92.4,2026-09-20 20:39:12
144,1000,-4.181379,85,92.9,2026-09-20 20:39:13
145,1000,-5.491756,85,93.6,2026-09-20 20:39:13
146,1000,-3.584662,85,94.3,2026-09-20 20:39:14
147,1000,-6.437858,85,94.8,2026-09-20 20:39:15
148,1000,-4.658165,85,95.6,2026-09-20 20:39:15
149,1000,-4.791835,85,96.1,2026-09-20 20:39:16
150,1000,-8.285936,85,96.8,2026-09-20 20:39:17
151,1000,-4.718718,85,97.4,2026-09-20 20:39:17
152,1000,-4.383231,85,98.1,2026-09-20 20:39:18
153,1000,-5.314125,85,98.7,2026-09-20 20:39:18
154,1000,-6.076706,85,99.2,2026-09-20 20:39:19
155,1000,-6.010190,85,99.9,2026-09-20 20:39:20
156,1000,-20.550516,85,101.3,2026-09-20 20:39:21
157,1000,-2.797580,85,102.0,2026-09-20 20:39:22
158,1000,-7.228294,85,102.6,2026-09-20 20:39:22
159,1000,-2.738095,85,103.2,2026-09-20 20:39:23
160,1000,-17.027608,85,103.9,2026-09-20 20:39:24
161,1000,-3.577972,85,104.5,2026-09-20 20:39:24
162,1000,-6.075090,85,105.1,2026-09-20 20:39:25
163,1000,-37.591096,84,105.6,2026-09-20 20:39:25
164,1000,-5.289598,85,106.3,2026-09-20 20:39:26
165,1000,-27.070988,85,106.9,2026-09-20 20:39:27
166,1000,-7.982440,85,107.5,2026-09-20 20:39:27
167,1000,-2.783167,85,108.2,2026-09-20 20:39:28
168,1000,-3.778631,85,108.7,2026-09-20 20:39:29
169,1000,-6.492831,85,109.4,2026-09-20 20:39:29
170,1000,-2.858751,85,110.0,2026-09-20 20:39:30
171,1000,-5.216950,85,110.6,2026-09-20 20:39:30
172,1000,-5.695143,85,111.3,2026-09-20 20:39:31
173,1000,-3.563453,85,111.9,2026-09-20 20:39:32
174,1000,-3.784116,85,112.5,2026-09-20 20:39:32
175,1000,-7.053547,85,113.0,2026-09-20 20:39:33
176,1000,-4.712648,85,113.7,2026-09-20 20:39:33
177,1000,-1.611336,85,114.2,2026-09-20 20:39:34
178,1000,-5.894754,85,114.9,2026-09-20 20:39:35
179,1000,-3.039650,85,115.6,2026-09-20 20:39:35
180,1000,-4.166196,85,116.2,2026-09-20 20:39:36
181,1000,-3.331004,85,116.9,2026-09-20 20:39:37
182,1000,-8.875224,85,117.5,2026-09-20 20:39:37
183,1000,-4.923863,85,118.0,2026-09-20 20:39:38
184,1000,-3.978452,85,118.7,2026-09-20 20:39:39
185,1000,-6.848963,85,119.3,2026-09-20 20:39:39
186,1000,-6.161626,85,120.0,2026-09-20 20:39:40
187,1000,-5.568521,85,121.4,2026-09-20 20:39:41
188,1000,-4.962184,85,122.0,2026-09-20 20:39:42
189,1000,-3.813851,85,122.7,2026-09-20 20:39:42
190,1000,-9.607348,85,123.2,2026-09-20 20:39:43
191,1000,-2.796976,85,124.0,2026-09-20 20:39:44
192,1000,-3.220574,85,124.5,2026-09-20 20:39:44
193,1000,-2.736275,85,125.1,2026-09-20 20:39:45
194,1000,-3.166774,85,125.7,2026-09-20 20:39:46
195,1000,-4.208406,85,126.3,2026-09-20 20:39:46
196,1000,-8.513064,85,127.0,2026-09-20 20:39:47
197,1000,-2.282926,85,127.5,2026-09-20 20:39:47
198,1000,-3.329540,85,128.2,2026-09-20 20:39:48
199,1000,-2.505517,85,128.9,2026-09-20 20:39:49
200,1000,-4.613055,85,129.5,2026-09-20 20:39:49
201,1000,-3.101386,85,130.2,2026-09-20 20:39:50
202,1000,-2.879965,85,130.7,2026-09-20 20:39:51
203,1000,-2.390403,85,131.4,2026-09-20 20:39:51
204,1000,-3.944698,85,132.0,2026-09-20 20:39:52
205,1000,-1.815354,85,132.6,2026-09-20 20:39:52
206,1000,-5.508425,85,133.3,2026-09-20 20:39:53
207,1000,-6.428950,85,133.9,2026-09-20 20:39:54
208,1000,-7.674308,85,134.4,2026-09-20 20:39:54
209,1000,-8.980159,85,135.1,2026-09-20 20:39:55
210,1000,-1.623093,85,135.6,2026-09-20 20:39:55
211,1000,-5.482164,85,136.3,2026-09-20 20:39:56
212,1000,-2.524717,85,136.9,2026-09-20 20:39:57
213,1000,-2.789788,85,137.6,2026-09-20 20:39:57
214,1000,-2.387441,85,138.2,2026-09-20 20:39:58
215,1000,-3.995188,85,138.7,2026-09-20 20:39:59
216,1000,-2.497184,85,139.3,2026-09-20 20:39:59
217,1000,-3.059347,85,140.0,2026-09-20 20:40:00
218,1000,-3.430499,85,141.4,2026-09-20 20:40:01
219,1000,-3.063997,85,141.9,2026-09-20 20:40:02
220,1000,-3.678105,85,142.5,2026-09-20 20:40:02
221,1000,-4.858788,85,143.1,2026-09-20 20:40:03
222,1000,-4.033274,85,143.7,2026-09-20 20:40:04
223,1000,-3.205087,85,144.4,2026-09-20 20:40:04
224,1000,-16.489067,85,145.0,2026-09-20 20:40:05
225,1000,-4.354647,85,145.6,2026-09-20 20:40:05
226,1000,-1.899207,85,146.3,2026-09-20 20:40:06
227,1000,-2.653565,85,146.9,2026-09-20 20:40:07
228,1000,-5.508559,85,147.4,2026-09-20 20:40:07
229,1000,-2.178061,85,148.1,2026-09-20 20:40:08
230,1000,-6.103422,85,148.8,2026-09-20 20:40:09
231,1000,-8.839559,85,149.4,2026-09-20 20:40:09
232,1000,-3.155655,85,150.0,2026-09-20 20:40:10
233,1000,-6.835566,85,150.7,2026-09-20 20:40:10
234,1000,-3.010185,85,151.3,2026-09-20 20:40:11
235,1000,-2.502651,85,151.9,2026-09-20 20:40:12
236,1000,-3.207240,85,152.6,2026-09-20 20:40:12
237,1000,-2.690708,85,153.3,2026-09-20 20:40:13
238,1000,-8.816950,85,153.8,2026-09-20 20:40:14
239,1000,-3.228791,85,154.5,2026-09-20 20:40:14
240,1000,-5.430771,85,155.2,2026-09-20 20:40:15
241,1000,-3.566081,85,155.7,2026-09-20 20:40:16
242,1000,-4.587847,85,156.4,2026-09-20 20:40:16
243,1000,-3.158033,85,157.1,2026-09-20 20:40:17
244,1000,-2.244940,85,157.6,2026-09-20 20:40:17
245,1000,-4.673810,85,158.3,2026-09-20 20:40:18
246,1000,-20.481795,85,159.0,2026-09-20 20:40:19
247,1000,-3.682876,85,159.6,2026-09-20 20:40:19
248,1000,-3.077746,85,160.3,2026-09-20 20:40:20
249,1000,-3.740727,85,161.7,2026-09-20 20:40:22
250,1000,-4.492279,85,162.3,2026-09-20 20:40:22
251,1000,-2.181181,85,162.9,2026-09-20 20:40:23
252,1000,-2.814314,85,163.6,2026-09-20 20:40:23
253,1000,-1.667902,85,164.2,2026-09-20 20:40:24
254,1000,-2.497763,85,164.9,2026-09-20 20:40:25
255,1000,-1.686175,85,165.5,2026-09-20 20:40:25
256,1000,-7.249463,85,166.1,2026-09-20 20:40:26
257,1000,-1.616657,85,166.6,2026-09-20 20:40:26
258,1000,-1.781015,85,167.3,2026-09-20 20:40:27
259,1000,-4.043291,85,167.9,2026-09-20 20:40:28
260,1000,-1.260531,85,168.6,2026-09-20 20:40:28
261,1000,-1.320058,85,169.1,2026-09-20 20:40:29
262,1000,-1.640328,85,169.7,2026-09-20 20:40:30
263,1000,-2.709699,85,170.3,2026-09-20 20:40:30
264,1000,-5.388964,85,170.9,2026-09-20 20:40:31
265,1000,-1.429700,85,171.7,2026-09-20 20:40:31
266,1000,-3.801037,85,172.3,2026-09-20 20:40:32
267,1000,-6.753039,85,172.9,2026-09-20 20:40:33
268,1000,-1.960798,85,173.6,2026-09-20 20:40:33
269,1000,-1.617640,85,174.1,2026-09-20 20:40:34
270,1000,-2.674830,85,174.9,2026-09-20 20:40:35
271,1000,-1.445990,85,175.4,2026-09-20 20:40:35
272,1000,-2.241174,85,176.1,2026-09-20 20:40:36
273,1000,-4.385370,85,176.8,2026-09-20 20:40:37
274,1000,-1.926047,85,177.4,2026-09-20 20:40:37
275,1000,-1.454573,85,178.0,2026-09-20 20:40:38
276,1000,-2.858116,85,178.7,2026-09-20 20:40:39
277,1000,-6.697398,85,179.3,2026-09-20 20:40:39
278,1000,-5.119480,85,180.1,2026-09-20 20:40:40
279,1000,-2.658264,85,180.6,2026-09-20 20:40:40
280,1000,-3.805426,85,182.1,2026-09-20 20:40:42
281,1000,-2.758447,85,182.7,2026-09-20 20:40:43
282,1000,-1.045978,85,183.3,2026-09-20 20:40:43
283,1000,-2.859991,85,184.0,2026-09-20 20:40:44
284,1000,-1.447653,85,184.6,2026-09-20 20:40:44
285,1000,-9.744696,85,185.3,2026-09-20 20:40:45
286,1000,-1.058589,85,185.9,2026-09-20 20:40:46
287,1000,-1.019929,85,186.5,2026-09-20 20:40:46
288,1000,-0.934187,85,187.2,2026-09-20 20:40:47
289,1000,-2.228225,85,187.8,2026-09-20 20:40:48
290,1000,-5.158460,85,188.5,2026-09-20 20:40:48
291,1000,-3.912329,85,189.1,2026-09-20 20:40:49
292,1000,-1.716445,85,189.7,2026-09-20 20:40:50
293,1000,-1.366482,85,190.4,2026-09-20 20:40:50
294,1000,-1.929577,85,191.0,2026-09-20 20:40:51
295,1000,-1.674361,85,191.7,2026-09-20 20:40:52
296,1000,-1.081626,85,192.3,2026-09-20 20:40:52
297,1000,-1.807085,85,192.8,2026-09-20 20:40:53
298,1000,-1.874200,85,193.5,2026-09-20 20:40:53
299,1000,-2.214854,85,194.1,2026-09-20 20:40:54
300,1000,-1.188764,85,194.8,2026-09-20 20:40:55
301,1000,-3.481428,85,195.4,2026-09-20 20:40:55
302,1000,-1.433831,85,196.0,2026-09-20 20:40:56
303,1000,-2.020528,85,196.6,2026-09-20 20:40:56
304,1000,-2.722811,85,197.3,2026-09-20 20:40:57
305,1000,-1.995546,85,198.0,2026-09-20 20:40:58
306,1000,-1.559942,85,198.5,2026-09-20 20:40:58
307,1000,-1.378760,85,199.2,2026-09-20 20:40:59
308,1000,-3.130197,85,199.9,2026-09-20 20:41:00
309,1000,-2.279299,85,200.4,2026-09-20 20:41:00
310,1000,-1.664403,85,201.1,2026-09-20 20:41:01
311,1000,-3.052265,85,202.7,2026-09-20 20:41:03
312,1000,-4.444930,85,203.3,2026-09-20 20:41:03
313,1000,-3.673799,85,203.9,2026-09-20 20:41:04
314,1000,-2.518777,85,204.6,2026-09-20 20:41:04
315,1000,-3.029561,85,205.2,2026-09-20 20:41:05
316,1000,-0.999334,85,205.9,2026-09-20 20:41:06
317,1000,-0.941244,85,206.5,2026-09-20 20:41:06
318,1000,-1.006221,85,207.1,2026-09-20 20:41:07
319,1000,-1.733246,85,207.8,2026-09-20 20:41:08
320,1000,-0.962325,85,208.4,2026-09-20 20:41:08
321,1000,-1.767817,85,209.1,2026-09-20 20:41:09
322,1000,-1.648998,85,209.7,2026-09-20 20:41:09
323,1000,-1.519924,85,210.4,2026-09-20 20:41:10
324,1000,-2.199118,85,210.9,2026-09-20 20:41:11
325,1000,-2.155145,85,211.6,2026-09-20 20:41:11
326,1000,-2.587247,85,212.3,2026-09-20 20:41:12
327,1000,-2.117739,85,212.9,2026-09-20 20:41:13
328,1000,-1.335464,85,213.5,2026-09-20 20:41:13
329,1000,-1.638575,85,214.1,2026-09-20 20:41:14
330,1000,-2.465575,85,214.8,2026-09-20 20:41:15
331,1000,-1.730441,85,215.5,2026-09-20 20:41:15
332,1000,-1.366014,85,216.0,2026-09-20 20:41:16
333,1000,-2.203582,85,216.7,2026-09-20 20:41:17
334,1000,-3.363244,85,217.4,2026-09-20 20:41:17
335,1000,-1.698502,85,217.9,2026-09-20 20:41:18
336,1000,-1.329741,85,218.6,2026-09-20 20:41:18
337,1000,-2.937097,85,219.2,2026-09-20 20:41:19
338,1000,-1.971185,85,219.9,2026-09-20 20:41:20
339,1000,-1.967829,85,220.6,2026-09-20 20:41:20
340,1000,-2.086617,85,221.1,2026-09-20 20:41:21
341,1000,-0.906553,85,221.9,2026-09-20 20:41:22
342,1000,-1.067335,85,223.3,2026-09-20 20:41:23
343,1000,-2.131543,85,223.9,2026-09-20 20:41:24
344,1000,-1.379915,85,224.6,2026-09-20 20:41:24
345,1000,-1.323758,85,225.2,2026-09-20 20:41:25
346,1000,-2.735142,85,225.8,2026-09-20 20:41:26
347,1000,-1.871842,85,226.5,2026-09-20 20:41:26
348,1000,-1.402299,85,227.2,2026-09-20 20:41:27
349,1000,-1.052946,85,227.7,2026-09-20 20:41:28
350,1000,-1.041882,85,228.3,2026-09-20 20:41:28
351,1000,-1.513845,85,229.0,2026-09-20 20:41:29
352,1000,-1.526382,85,229.5,2026-09-20 20:41:29
353,1000,-1.813458,85,230.3,2026-09-20 20:41:30
354,1000,-1.410047,85,230.8,2026-09-20 20:41:31
355,1000,-1.959742,85,231.5,2026-09-20 20:41:31
356,1000,-1.619452,85,232.1,2026-09-20 20:41:32
357,1000,-1.306288,85,232.8,2026-09-20 20:41:33
358,1000,-1.117273,85,233.4,2026-09-20 20:41:33
359,1000,-1.554895,85,234.1,2026-09-20 20:41:34
360,1000,-2.557636,85,234.7,2026-09-20 20:41:34
361,1000,-1.761867,85,235.4,2026-09-20 20:41:35
362,1000,-1.225715,85,235.9,2026-09-20 20:41:36
363,1000,-0.887383,85,236.6,2026-09-20 20:41:36
364,1000,-1.192615,85,237.3,2026-09-20 20:41:37
365,1000,-1.513927,85,237.9,2026-09-20 20:41:38
366,1000,-0.738820,85,238.6,2026-09-20 20:41:38
367,1000,-1.846395,85,239.2,2026-09-20 20:41:39
368,1000,-1.489281,85,239.9,2026-09-20 20:41:40
369,1000,-1.342053,85,240.6,2026-09-20 20:41:40
370,1000,-4.419173,85,241.1,2026-09-20 20:41:41
371,1000,-1.178282,85,241.9,2026-09-20 20:41:42
372,1000,-2.168369,85,242.4,2026-09-20 20:41:42
373,1000,-1.262489,85,243.8,2026-09-20 20:41:44
374,1000,-2.038079,85,244.4,2026-09-20 20:41:44
375,1000,-0.784929,85,245.0,2026-09-20 20:41:45
376,1000,-1.038109,85,245.6,2026-09-20 20:41:45
377,1000,-2.457494,85,246.3,2026-09-20 20:41:46
378,1000,-0.686130,85,246.9,2026-09-20 20:41:47
379,1000,-1.307889,85,247.6,2026-09-20 20:41:47
380,1000,-1.346561,85,248.2,2026-09-20 20:41:48
381,1000,-1.765523,85,248.9,2026-09-20 20:41:49
382,1000,-1.527565,85,249.4,2026-09-20 20:41:49
383,1000,-1.747045,85,250.1,2026-09-20 20:41:50
384,1000,-1.221881,85,250.7,2026-09-20 20:41:51
385,1000,-1.810294,85,251.4,2026-09-20 20:41:51
386,1000,-1.591768,85,252.0,2026-09-20 20:41:52
387,1000,-0.891161,85,252.7,2026-09-20 20:41:52
388,1000,-1.560707,85,253.3,2026-09-20 20:41:53
389,1000,-2.568399,85,253.9,2026-09-20 20:41:54
390,1000,-1.601630,85,254.6,2026-09-20 20:41:54
391,1000,-1.105443,85,255.2,2026-09-20 20:41:55
392,1000,-1.349421,85,255.9,2026-09-20 20:41:56
393,1000,-1.118434,85,256.5,2026-09-20 20:41:56
394,1000,-1.629839,85,257.2,2026-09-20 20:41:57
395,1000,-2.405217,85,257.8,2026-09-20 20:41:58
396,1000,-2.076618,85,258.5,2026-09-20 20:41:58
397,1000,-1.501557,85,259.1,2026-09-20 20:41:59
398,1000,-1.227084,85,259.8,2026-09-20 20:42:00
399,1000,-1.212971,85,260.4,2026-09-20 20:42:00
400,1000,-0.748367,85,261.0,2026-09-20 20:42:01
401,1000,-2.473113,85,261.7,2026-09-20 20:42:02
402,1000,-2.325089,85,262.3,2026-09-20 20:42:02
403,1000,-1.257179,85,263.0,2026-09-20 20:42:03
404,1000,-0.893897,85,264.4,2026-09-20 20:42:04
405,1000,-0.876316,85,265.0,2026-09-20 20:42:05
406,1000,-0.826849,85,265.7,2026-09-20 20:42:05
407,1000,-0.905874,85,266.3,2026-09-20 20:42:06
408,1000,-1.545678,85,266.8,2026-09-20 20:42:07
409,1000,-1.101807,85,267.5,2026-09-20 20:42:07
410,1000,-0.550484,85,268.1,2026-09-20 20:42:08
411,1000,-0.617649,85,268.8,2026-09-20 20:42:09
412,1000,-0.599233,85,269.4,2026-09-20 20:42:09
413,1000,-1.113802,85,270.1,2026-09-20 20:42:10
414,1000,-0.863556,85,270.6,2026-09-20 20:42:10
415,1000,-1.679057,85,271.3,2026-09-20 20:42:11
416,1000,-1.251068,85,271.9,2026-09-20 20:42:12
417,1000,-1.646118,85,272.7,2026-09-20 20:42:12
418,1000,-0.787909,85,273.2,2026-09-20 20:42:13
419,1000,-1.091114,85,273.9,2026-09-20 20:42:14
420,1000,-1.218839,85,274.5,2026-09-20 20:42:14
421,1000,-0.814501,85,275.2,2026-09-20 20:42:15
422,1000,-1.644486,85,275.8,2026-09-20 20:42:16
423,1000,-2.359393,85,276.5,2026-09-20 20:42:16
424,1000,-1.286645,85,277.0,2026-09-20 20:42:17
425,1000,-1.069882,85,277.7,2026-09-20 20:42:18
426,1000,-0.933205,85,278.3,2026-09-20 20:42:18
427,1000,-1.101120,85,279.0,2026-09-20 20:42:19
428,1000,-2.022106,85,279.7,2026-09-20 20:42:19
429,1000,-1.331276,85,280.2,2026-09-20 20:42:20
430,1000,-1.270348,85,280.9,2026-09-20 20:42:21
431,1000,-1.347476,85,281.6,2026-09-20 20:42:21
432,1000,-1.149880,85,282.2,2026-09-20 20:42:22
433,1000,-1.539002,85,282.8,2026-09-20 20:42:23
434,1000,-1.226947,85,283.4,2026-09-20 20:42:23
435,1000,-0.929096,85,284.8,2026-09-20 20:42:25
436,1000,-1.196091,85,285.5,2026-09-20 20:42:25
437,1000,-0.930424,85,286.2,2026-09-20 20:42:26
438,1000,-1.488225,85,286.8,2026-09-20 20:42:27
439,1000,-0.828827,85,287.5,2026-09-20 20:42:27
440,1000,-1.057201,85,288.0,2026-09-20 20:42:28
441,1000,-0.889264,85,288.7,2026-09-20 20:42:29
442,1000,-0.682567,85,289.3,2026-09-20 20:42:29
443,1000,-0.746351,85,290.0,2026-09-20 20:42:30
444,1000,-0.945657,85,290.7,2026-09-20 20:42:30
445,1000,-1.105827,85,291.3,2026-09-20 20:42:31
446,1000,-1.451703,85,291.9,2026-09-20 20:42:32
447,1000,-1.261970,85,292.6,2026-09-20 20:42:32
448,1000,-0.983779,85,293.2,2026-09-20 20:42:33
449,1000,-1.421562,85,293.9,2026-09-20 20:42:34
450,1000,-0.863856,85,294.5,2026-09-20 20:42:34
451,1000,-1.264496,85,295.2,2026-09-20 20:42:35
452,1000,-0.952893,85,295.9,2026-09-20 20:42:36
453,1000,-0.929655,85,296.5,2026-09-20 20:42:36
454,1000,-1.034443,85,297.2,2026-09-20 20:42:37
455,1000,-1.445183,85,297.7,2026-09-20 20:42:38
456,1000,-1.531243,85,298.5,2026-09-20 20:42:38
457,1000,-1.550615,85,299.1,2026-09-20 20:42:39
458,1000,-1.017987,85,299.8,2026-09-20 20:42:40
459,1000,-1.597447,85,300.4,2026-09-20 20:42:40
460,1000,-1.592859,85,301.1,2026-09-20 20:42:41
461,1000,-0.713090,85,301.7,2026-09-20 20:42:41
462,1000,-1.434939,85,302.4,2026-09-20 20:42:42
463,1000,-1.302679,85,303.0,2026-09-20 20:42:43
464,1000,-1.306370,85,303.7,2026-09-20 20:42:44
465,1000,-1.411229,85,304.3,2026-09-20 20:42:44
466,1000,-0.980419,85,305.7,2026-09-20 20:42:46
467,1000,-1.145782,85,306.4,2026-09-20 20:42:46
468,1000,-0.869346,85,307.0,2026-09-20 20:42:47
469,1000,-0.782941,85,307.7,2026-09-20 20:42:48
470,1000,-1.395979,85,308.3,2026-09-20 20:42:48
471,1000,-0.661225,85,309.0,2026-09-20 20:42:49
472,1000,-0.973790,85,309.6,2026-09-20 20:42:49
473,1000,-0.710133,85,310.3,2026-09-20 20:42:50
474,1000,-2.133988,85,310.9,2026-09-20 20:42:51
475,1000,-1.280365,85,311.6,2026-09-20 20:42:51
476,1000,-0.699574,85,312.2,2026-09-20 20:42:52
477,1000,-1.505874,85,312.8,2026-09-20 20:42:53
478,1000,-1.343934,85,313.4,2026-09-20 20:42:53
479,1000,-1.503515,85,314.1,2026-09-20 20:42:54
480,1000,-0.572423,85,314.7,2026-09-20 20:42:55
481,1000,-1.589458,85,315.4,2026-09-20 20:42:55
482,1000,-0.836462,85,316.0,2026-09-20 20:42:56
483,1000,-1.109180,85,316.7,2026-09-20 20:42:56
484,1000,-1.129430,85,317.2,2026-09-20 20:42:57
485,1000,-0.993632,85,317.9,2026-09-20 20:42:58
486,1000,-0.926176,85,318.6,2026-09-20 20:42:58
487,1000,-1.115431,85,319.2,2026-09-20 20:42:59
488,1000,-0.765160,85,319.9,2026-09-20 20:43:00
489,1000,-1.699043,85,320.5,2026-09-20 20:43:00
490,1000,-1.112406,85,321.2,2026-09-20 20:43:01
491,1000,-1.084063,85,321.8,2026-09-20 20:43:02
492,1000,-0.885890,85,322.5,2026-09-20 20:43:02
493,1000,-0.857170,85,323.1,2026-09-20 20:43:03
494,1000,-0.648616,85,323.8,2026-09-20 20:43:04
495,1000,-1.232536,85,324.4,2026-09-20 20:43:04
496,1000,-1.034930,85,325.1,2026-09-20 20:43:05
497,1000,-0.747723,85,326.5,2026-09-20 20:43:06
498,1000,-0.752035,85,327.1,2026-09-20 20:43:07
499,1000,-0.670368,85,327.8,2026-09-20 20:43:08
500,1000,-0.784766,85,328.4,2026-09-20 20:43:08
501,1000,-0.844868,85,329.1,2026-09-20 20:43:09
502,1000,-0.829238,85,329.7,2026-09-20 20:43:10
503,1000,-0.767263,85,330.4,2026-09-20 20:43:10
504,1000,-0.543144,85,331.0,2026-09-20 20:43:11
505,1000,-0.690734,85,331.7,2026-09-20 20:43:12
506,1000,-0.630605,85,332.3,2026-09-20 20:43:12
507,1000,-0.862494,85,333.0,2026-09-20 20:43:13
508,1000,-0.764145,85,333.6,2026-09-20 20:43:13
509,1000,-0.707880,85,334.3,2026-09-20 20:43:14
510,1000,-1.094246,85,334.9,2026-09-20 20:43:15
511,1000,-0.913007,85,335.5,2026-09-20 20:43:15
512,1000,-0.592530,85,336.1,2026-09-20 20:43:16
513,1000,-1.496630,85,336.8,2026-09-20 20:43:17
514,1000,-0.670642,85,337.4,2026-09-20 20:43:17
515,1000,-0.649973,85,338.1,2026-09-20 20:43:18
516,1000,-1.087054,85,338.8,2026-09-20 20:43:19
517,1000,-0.550953,85,339.3,2026-09-20 20:43:19
518,1000,-0.492223,85,340.1,2026-09-20 20:43:20
519,1000,-0.402916,85,340.7,2026-09-20 20:43:21
520,1000,-0.713459,85,341.3,2026-09-20 20:43:21
521,1000,-1.020160,85,342.2,2026-09-20 20:43:22
522,1000,-0.675318,85,342.9,2026-09-20 20:43:23
523,1000,-0.628201,85,343.6,2026-09-20 20:43:23
524,1000,-0.711998,85,344.3,2026-09-20 20:43:24
525,1000,-0.725774,85,345.0,2026-09-20 20:43:25
526,1000,-1.233183,85,345.7,2026-09-20 20:43:25
527,1000,-0.513399,85,346.3,2026-09-20 20:43:26
528,1000,-0.649154,85,348.0,2026-09-20 20:43:28
529,1000,-0.691259,85,348.7,2026-09-20 20:43:29
530,1000,-0.507190,85,349.4,2026-09-20 20:43:29
531,1000,-0.775383,85,349.9,2026-09-20 20:43:30
532,1000,-0.617837,85,350.7,2026-09-20 20:43:30
533,1000,-1.024393,85,351.2,2026-09-20 20:43:31
534,1000,-0.534714,85,351.9,2026-09-20 20:43:32
535,1000,-0.670362,85,352.5,2026-09-20 20:43:32
536,1000,-1.173594,85,353.2,2026-09-20 20:43:33
537,1000,-0.697515,85,353.8,2026-09-20 20:43:34
538,1000,-0.549112,85,354.4,2026-09-20 20:43:34
539,1000,-0.868692,85,354.9,2026-09-20 20:43:35
540,1000,-0.574903,85,355.6,2026-09-20 20:43:35
541,1000,-0.677704,85,356.2,2026-09-20 20:43:36
542,1000,-0.597618,85,356.9,2026-09-20 20:43:37
543,1000,-0.578633,85,357.5,2026-09-20 20:43:37
544,1000,-1.014954,85,358.2,2026-09-20 20:43:38
545,1000,-0.494014,85,358.8,2026-09-20 20:43:39
546,1000,-0.507154,85,359.5,2026-09-20 20:43:39
547,1000,-0.609371,85,360.1,2026-09-20 20:43:40
548,1000,-0.455073,85,360.8,2026-09-20 20:43:41
549,1000,-1.046073,85,361.4,2026-09-20 20:43:41
550,1000,-0.790983,85,362.1,2026-09-20 20:43:42
551,1000,-0.532263,85,362.7,2026-09-20 20:43:43
552,1000,-0.793025,85,363.4,2026-09-20 20:43:43
553,1000,-0.743481,85,364.0,2026-09-20 20:43:44
554,1000,-0.695408,85,364.7,2026-09-20 20:43:44
555,1000,-0.793165,85,365.3,2026-09-20 20:43:45
556,1000,-0.538709,85,366.0,2026-09-20 20:43:46
557,1000,-0.736465,85,366.6,2026-09-20 20:43:46
558,1000,-0.376635,85,367.3,2026-09-20 20:43:47
559,1000,-0.458947,85,368.7,2026-09-20 20:43:49
560,1000,-0.655504,85,369.3,2026-09-20 20:43:49
561,1000,-0.483012,85,370.0,2026-09-20 20:43:50
562,1000,-0.612087,85,370.7,2026-09-20 20:43:50
563,1000,-0.639216,85,371.3,2026-09-20 20:43:51
564,1000,-0.616038,85,372.0,2026-09-20 20:43:52
565,1000,-0.506909,85,372.5,2026-09-20 20:43:52
566,1000,-0.866091,85,373.3,2026-09-20 20:43:53
567,1000,-0.407372,85,373.9,2026-09-20 20:43:54
568,1000,-0.728850,85,374.5,2026-09-20 20:43:54
569,1000,-0.490085,85,375.2,2026-09-20 20:43:55
570,1000,-0.968968,85,375.8,2026-09-20 20:43:56
571,1000,-0.386400,85,376.5,2026-09-20 20:43:56
572,1000,-0.710128,85,377.2,2026-09-20 20:43:57
573,1000,-0.616140,85,377.7,2026-09-20 20:43:58
574,1000,-0.580133,85,378.4,2026-09-20 20:43:58
575,1000,-0.632135,85,379.1,2026-09-20 20:43:59
576,1000,-0.419880,85,379.6,2026-09-20 20:43:59
577,1000,-0.843962,85,380.3,2026-09-20 20:44:00
578,1000,-0.698077,85,380.9,2026-09-20 20:44:01
579,1000,-0.540975,85,381.6,2026-09-20 20:44:01
580,1000,-0.391763,85,382.2,2026-09-20 20:44:02
581,1000,-0.631725,85,382.9,2026-09-20 20:44:03
582,1000,-0.647732,85,383.5,2026-09-20 20:44:03
583,1000,-0.884911,85,384.1,2026-09-20 20:44:04
584,1000,-0.508852,85,384.8,2026-09-20 20:44:05
585,1000,-0.584654,85,385.4,2026-09-20 20:44:05
586,1000,-0.869656,85,385.9,2026-09-20 20:44:06
587,1000,-0.556372,85,386.6,2026-09-20 20:44:06
588,1000,-0.755940,85,387.2,2026-09-20 20:44:07
589,1000,-0.679404,85,387.9,2026-09-20 20:44:08
590,1000,-0.773119,85,389.5,2026-09-20 20:44:09
591,1000,-0.434606,85,390.1,2026-09-20 20:44:10
592,1000,-0.358373,85,390.8,2026-09-20 20:44:11
593,1000,-0.393647,85,391.3,2026-09-20 20:44:11
594,1000,-1.104529,85,392.0,2026-09-20 20:44:12
595,1000,-0.499050,85,392.6,2026-09-20 20:44:12
596,1000,-0.327609,85,393.3,2026-09-20 20:44:13
597,1000,-0.466209,85,393.9,2026-09-20 20:44:14
598,1000,-0.395963,85,394.7,2026-09-20 20:44:14
599,1000,-0.392682,85,395.2,2026-09-20 20:44:15
600,1000,-0.725405,85,396.0,2026-09-20 20:44:16
601,1000,-0.942335,85,396.5,2026-09-20 20:44:16
602,1000,-0.559166,85,397.2,2026-09-20 20:44:17
603,1000,-0.539520,85,397.9,2026-09-20 20:44:18
604,1000,-0.387447,85,398.5,2026-09-20 20:44:18
605,1000,-0.360665,85,399.2,2026-09-20 20:44:19
606,1000,-0.599319,85,399.8,2026-09-20 20:44:20
607,1000,-0.345506,85,400.5,2026-09-20 20:44:20
608,1000,-0.719172,85,401.1,2026-09-20 20:44:21
609,1000,-0.408753,85,401.8,2026-09-20 20:44:22
610,1000,-0.474980,85,402.4,2026-09-20 20:44:22
611,1000,-0.634421,85,403.0,2026-09-20 20:44:23
612,1000,-0.495049,85,403.6,2026-09-20 20:44:23
613,1000,-0.408199,85,404.3,2026-09-20 20:44:24
614,1000,-0.566696,85,404.9,2026-09-20 20:44:25
615,1000,-0.377840,85,405.6,2026-09-20 20:44:25
616,1000,-0.498638,85,406.2,2026-09-20 20:44:26
617,1000,-0.518716,85,406.9,2026-09-20 20:44:27
618,1000,-0.445015,85,407.5,2026-09-20 20:44:27
619,1000,-0.544509,85,408.1,2026-09-20 20:44:28
620,1000,-0.304401,85,408.8,2026-09-20 20:44:29
621,1000,-0.409619,85,410.2,2026-09-20 20:44:30
622,1000,-0.557420,85,410.9,2026-09-20 20:44:31
623,1000,-0.613368,85,411.5,2026-09-20 20:44:31
624,1000,-0.540022,85,412.2,2026-09-20 20:44:32
625,1000,-0.482551,85,412.8,2026-09-20 20:44:33
626,1000,-0.539707,85,413.4,2026-09-20 20:44:33
627,1000,-0.529845,85,414.1,2026-09-20 20:44:34
628,1000,-0.487943,85,414.7,2026-09-20 20:44:34
629,1000,-0.657766,85,415.4,2026-09-20 20:44:35
630,1000,-0.433775,85,415.9,2026-09-20 20:44:36
631,1000,-0.550717,85,416.5,2026-09-20 20:44:36
632,1000,-0.425992,85,417.2,2026-09-20 20:44:37
633,1000,-0.393684,85,417.8,2026-09-20 20:44:38
634,1000,-0.501493,85,418.4,2026-09-20 20:44:38
635,1000,-0.582563,85,419.2,2026-09-20 20:44:39
636,1000,-0.413954,85,419.7,2026-09-20 20:44:40
637,1000,-0.519720,85,420.5,2026-09-20 20:44:40
638,1000,-0.398111,85,421.0,2026-09-20 20:44:41
639,1000,-0.352152,85,421.8,2026-09-20 20:44:42
640,1000,-0.328555,85,422.3,2026-09-20 20:44:42
641,1000,-0.440357,85,423.0,2026-09-20 20:44:43
642,1000,-0.290183,85,423.6,2026-09-20 20:44:43
643,1000,-0.479013,85,424.3,2026-09-20 20:44:44
644,1000,-0.428968,85,424.9,2026-09-20 20:44:45
645,1000,-0.564984,85,425.6,2026-09-20 20:44:45
646,1000,-0.313681,85,426.2,2026-09-20 20:44:46
647,1000,-0.393183,85,426.9,2026-09-20 20:44:47
648,1000,-0.743906,85,427.6,2026-09-20 20:44:47
649,1000,-0.461006,85,428.2,2026-09-20 20:44:48
650,1000,-0.439490,85,428.9,2026-09-20 20:44:49
651,1000,-0.496791,85,429.5,2026-09-20 20:44:49
652,1000,-0.348219,85,430.9,2026-09-20 20:44:51
653,1000,-0.393295,85,431.6,2026-09-20 20:44:51
654,1000,-0.322905,85,432.2,2026-09-20 20:44:52
655,1000,-0.410836,85,432.9,2026-09-20 20:44:53
656,1000,-0.469678,85,433.5,2026-09-20 20:44:53
657,1000,-0.330576,85,434.2,2026-09-20 20:44:54
658,1000,-0.374335,85,434.8,2026-09-20 20:44:55
659,1000,-0.436122,85,435.5,2026-09-20 20:44:55
660,1000,-0.364867,85,436.1,2026-09-20 20:44:56
661,1000,-0.600520,85,436.8,2026-09-20 20:44:57
662,1000,-0.467698,85,437.4,2026-09-20 20:44:57
663,1000,-0.294570,85,438.0,2026-09-20 20:44:58
664,1000,-0.437694,85,438.6,2026-09-20 20:44:58
665,1000,-0.264008,85,439.2,2026-09-20 20:44:59
666,1000,-0.527486,85,439.9,2026-09-20 20:45:00
667,1000,-0.338840,85,440.5,2026-09-20 20:45:00
668,1000,-0.375864,85,441.1,2026-09-20 20:45:01
669,1000,-0.358968,85,441.8,2026-09-20 20:45:02
670,1000,-0.403521,85,442.5,2026-09-20 20:45:02
671,1000,-0.443365,85,443.1,2026-09-20 20:45:03
672,1000,-0.447684,85,443.7,2026-09-20 20:45:04
673,1000,-0.540725,85,444.4,2026-09-20 20:45:04
674,1000,-0.305517,85,445.0,2026-09-20 20:45:05
675,1000,-0.582670,85,445.7,2026-09-20 20:45:06
676,1000,-0.492445,85,446.4,2026-09-20 20:45:06
677,1000,-0.372059,85,447.0,2026-09-20 20:45:07
678,1000,-0.410445,85,447.7,2026-09-20 20:45:08
679,1000,-0.387895,85,448.3,2026-09-20 20:45:08
680,1000,-0.417176,85,449.1,2026-09-20 20:45:09
681,1000,-0.679611,85,449.7,2026-09-20 20:45:10
682,1000,-0.364304,85,450.4,2026-09-20 20:45:10
683,1000,-0.716441,85,451.8,2026-09-20 20:45:12
684,1000,-0.503044,85,452.4,2026-09-20 20:45:12
685,1000,-0.316487,85,453.1,2026-09-20 20:45:13
686,1000,-0.310185,85,453.6,2026-09-20 20:45:13
687,1000,-0.851283,85,454.4,2026-09-20 20:45:14
688,1000,-0.456542,85,454.9,2026-09-20 20:45:15
689,1000,-0.361393,85,455.7,2026-09-20 20:45:15
690,1000,-0.263234,85,456.3,2026-09-20 20:45:16
691,1000,-0.469985,85,457.0,2026-09-20 20:45:17
692,1000,-0.303694,85,457.6,2026-09-20 20:45:17
693,1000,-0.572765,85,458.3,2026-09-20 20:45:18
694,1000,-0.302484,85,458.9,2026-09-20 20:45:19
695,1000,-0.283767,85,459.6,2026-09-20 20:45:19
696,1000,-0.525168,85,460.2,2026-09-20 20:45:20
697,1000,-0.386898,85,460.9,2026-09-20 20:45:21
698,1000,-0.428644,85,461.5,2026-09-20 20:45:21
699,1000,-0.483206,85,462.2,2026-09-20 20:45:22
700,1000,-0.481081,85,462.8,2026-09-20 20:45:23
701,1000,-0.300774,85,463.6,2026-09-20 20:45:23
702,1000,-0.411865,85,464.2,2026-09-20 20:45:24
703,1000,-0.354069,85,464.9,2026-09-20 20:45:25
704,1000,-0.307593,85,465.5,2026-09-20 20:45:25
705,1000,-0.267165,85,466.2,2026-09-20 20:45:26
706,1000,-0.593546,85,466.8,2026-09-20 20:45:27
707,1000,-0.499487,85,467.5,2026-09-20 20:45:27
708,1000,-0.372153,85,468.0,2026-09-20 20:45:28
709,1000,-0.349656,85,468.7,2026-09-20 20:45:29
710,1000,-0.436147,85,469.3,2026-09-20 20:45:29
711,1000,-0.246706,85,470.0,2026-09-20 20:45:30
712,1000,-0.295160,85,470.6,2026-09-20 20:45:30
713,1000,-0.594411,85,471.4,2026-09-20 20:45:31
714,1000,-0.484876,85,472.8,2026-09-20 20:45:33
715,1000,-0.386173,85,473.4,2026-09-20 20:45:33
716,1000,-0.397622,85,474.1,2026-09-20 20:45:34
717,1000,-0.332453,85,474.7,2026-09-20 20:45:35
718,1000,-0.358030,85,475.4,2026-09-20 20:45:35
719,1000,-0.347440,85,476.0,2026-09-20 20:45:36
720,1000,-0.317037,85,476.7,2026-09-20 20:45:37
721,1000,-0.291530,85,477.4,2026-09-20 20:45:37
722,1000,-0.374751,85,478.0,2026-09-20 20:45:38
723,1000,-0.252977,85,478.7,2026-09-20 20:45:39
724,1000,-0.307486,85,479.4,2026-09-20 20:45:39
725,1000,-0.272714,85,480.1,2026-09-20 20:45:40
726,1000,-0.275216,85,480.7,2026-09-20 20:45:40
727,1000,-0.406907,85,481.4,2026-09-20 20:45:41
728,1000,-0.270440,85,481.9,2026-09-20 20:45:42
729,1000,-0.305751,85,482.6,2026-09-20 20:45:42
730,1000,-0.431643,85,483.2,2026-09-20 20:45:43
731,1000,-0.337408,85,484.0,2026-09-20 20:45:44
732,1000,-0.293665,85,484.6,2026-09-20 20:45:44
733,1000,-0.304006,85,485.2,2026-09-20 20:45:45
734,1000,-0.488381,85,485.9,2026-09-20 20:45:46
735,1000,-0.284587,85,486.5,2026-09-20 20:45:46
736,1000,-0.249468,85,487.2,2026-09-20 20:45:47
737,1000,-0.417157,85,487.8,2026-09-20 20:45:48
738,1000,-0.511466,85,488.5,2026-09-20 20:45:48
739,1000,-0.465192,85,489.1,2026-09-20 20:45:49
740,1000,-0.360504,85,489.8,2026-09-20 20:45:50
741,1000,-0.366205,85,490.4,2026-09-20 20:45:50
742,1000,-0.272593,85,491.1,2026-09-20 20:45:51
743,1000,-0.362105,85,491.7,2026-09-20 20:45:52
744,1000,-0.319737,85,492.4,2026-09-20 20:45:52
745,1000,-0.412866,85,493.9,2026-09-20 20:45:54
746,1000,-0.204383,85,494.4,2026-09-20 20:45:54
747,1000,-0.338592,85,495.2,2026-09-20 20:45:55
748,1000,-0.373979,85,495.7,2026-09-20 20:45:56
749,1000,-0.306326,85,496.4,2026-09-20 20:45:56
750,1000,-0.261902,85,497.0,2026-09-20 20:45:57
751,1000,-0.265786,85,497.7,2026-09-20 20:45:58
752,1000,-0.375572,85,498.4,2026-09-20 20:45:58
753,1000,-0.276338,85,499.0,2026-09-20 20:45:59
754,1000,-0.326102,85,499.7,2026-09-20 20:46:00
755,1000,-0.423500,85,500.4,2026-09-20 20:46:00
756,1000,-0.428177,85,501.0,2026-09-20 20:46:01
757,1000,-0.303492,85,501.6,2026-09-20 20:46:01
758,1000,-0.355294,85,502.2,2026-09-20 20:46:02
759,1000,-0.308515,85,502.9,2026-09-20 20:46:03
760,1000,-0.460071,85,503.4,2026-09-20 20:46:03
761,1000,-0.376953,85,504.2,2026-09-20 20:46:04
762,1000,-0.261527,85,504.8,2026-09-20 20:46:05
763,1000,-0.296085,85,505.5,2026-09-20 20:46:05
764,1000,-0.338845,85,506.0,2026-09-20 20:46:06
765,1000,-0.411868,85,506.8,2026-09-20 20:46:07
766,1000,-0.502804,85,507.4,2026-09-20 20:46:07
767,1000,-0.459856,85,508.1,2026-09-20 20:46:08
768,1000,-0.435382,85,508.8,2026-09-20 20:46:09
769,1000,-0.292671,85,509.5,2026-09-20 20:46:09
770,1000,-0.439334,85,510.1,2026-09-20 20:46:10
771,1000,-0.328395,85,510.8,2026-09-20 20:46:11
772,1000,-0.379365,85,511.3,2026-09-20 20:46:11
773,1000,-0.247217,85,512.1,2026-09-20 20:46:12
774,1000,-0.230040,85,512.6,2026-09-20 20:46:12
775,1000,-0.322870,85,513.4,2026-09-20 20:46:13
776,1000,-0.327088,85,514.8,2026-09-20 20:46:15
777,1000,-0.300801,85,515.4,2026-09-20 20:46:15
778,1000,-0.343387,85,516.1,2026-09-20 20:46:16
779,1000,-0.254046,85,516.7,2026-09-20 20:46:16
780,1000,-0.416755,85,517.4,2026-09-20 20:46:17
781,1000,-0.357602,85,518.0,2026-09-20 20:46:18
782,1000,-0.371279,85,518.7,2026-09-20 20:46:19
783,1000,-0.350044,85,519.3,2026-09-20 20:46:19
784,1000,-0.329143,85,520.0,2026-09-20 20:46:20
785,1000,-0.338285,85,520.6,2026-09-20 20:46:20
786,1000,-0.329292,85,521.3,2026-09-20 20:46:21
787,1000,-0.447680,85,521.9,2026-09-20 20:46:22
788,1000,-0.423043,85,522.6,2026-09-20 20:46:22
789,1000,-0.411868,85,523.2,2026-09-20 20:46:23
790,1000,-0.304798,85,523.9,2026-09-20 20:46:24
791,1000,-0.490949,85,524.5,2026-09-20 20:46:24
792,1000,-0.353391,85,525.2,2026-09-20 20:46:25
793,1000,-0.262511,85,525.8,2026-09-20 20:46:26
794,1000,-0.402029,85,526.5,2026-09-20 20:46:26
795,1000,-0.329453,85,527.1,2026-09-20 20:46:27
796,1000,-0.284786,85,527.8,2026-09-20 20:46:28
797,1000,-0.343988,85,528.4,2026-09-20 20:46:28
798,1000,-0.283709,85,529.1,2026-09-20 20:46:29
799,1000,-0.265201,85,529.6,2026-09-20 20:46:29
800,1000,-0.327145,85,530.4,2026-09-20 20:46:30
801,1000,-0.391151,85,530.9,2026-09-20 20:46:31
802,1000,-0.484852,85,531.7,2026-09-20 20:46:31
803,1000,-0.380634,85,532.2,2026-09-20 20:46:32
804,1000,-0.463776,85,533.0,2026-09-20 20:46:33
805,1000,-0.311254,85,533.6,2026-09-20 20:46:33
806,1000,-0.367443,85,534.2,2026-09-20 20:46:34
807,1000,-0.412262,85,535.7,2026-09-20 20:46:35
808,1000,-0.318281,85,536.3,2026-09-20 20:46:36
809,1000,-0.489645,85,536.9,2026-09-20 20:46:37
810,1000,-0.339107,85,537.6,2026-09-20 20:46:37
811,1000,-0.351505,85,538.3,2026-09-20 20:46:38
812,1000,-0.342930,85,538.9,2026-09-20 20:46:39
813,1000,-0.335594,85,539.5,2026-09-20 20:46:39
814,1000,-0.298741,85,540.2,2026-09-20 20:46:40
815,1000,-0.360238,85,540.9,2026-09-20 20:46:41
816,1000,-0.378237,85,541.5,2026-09-20 20:46:41
817,1000,-0.297153,85,542.2,2026-09-20 20:46:42
818,1000,-0.260257,85,542.8,2026-09-20 20:46:43
819,1000,-0.387566,85,543.5,2026-09-20 20:46:43
820,1000,-0.329158,85,544.0,2026-09-20 20:46:44
821,1000,-0.260741,85,544.8,2026-09-20 20:46:45
822,1000,-0.418064,85,545.4,2026-09-20 20:46:45
823,1000,-0.445452,85,546.0,2026-09-20 20:46:46
824,1000,-0.205233,85,546.7,2026-09-20 20:46:47
825,1000,-0.316771,85,547.4,2026-09-20 20:46:47
826,1000,-0.411463,85,547.9,2026-09-20 20:46:48
827,1000,-0.331955,85,548.7,2026-09-20 20:46:48
828,1000,-0.385482,85,549.2,2026-09-20 20:46:49
829,1000,-0.432311,85,549.8,2026-09-20 20:46:50
830,1000,-0.368355,85,550.5,2026-09-20 20:46:50
831,1000,-0.314784,85,551.1,2026-09-20 20:46:51
832,1000,-0.344050,85,551.8,2026-09-20 20:46:52
833,1000,-0.423573,85,552.4,2026-09-20 20:46:52
834,1000,-0.357130,85,553.1,2026-09-20 20:46:53
835,1000,-0.211657,85,553.7,2026-09-20 20:46:53
836,1000,-0.323798,85,554.4,2026-09-20 20:46:54
837,1000,-0.458961,85,555.0,2026-09-20 20:46:55
838,1000,-0.264138,85,556.4,2026-09-20 20:46:56
839,1000,-0.275122,85,557.1,2026-09-20 20:46:57
840,1000,-0.295345,85,557.7,2026-09-20 20:46:58
841,1000,-0.450585,85,558.3,2026-09-20 20:46:58
842,1000,-0.341122,85,559.0,2026-09-20 20:46:59
843,1000,-0.314998,85,559.6,2026-09-20 20:46:59
844,1000,-0.239892,85,560.3,2026-09-20 20:47:00
845,1000,-0.308670,85,560.9,2026-09-20 20:47:01
846,1000,-0.337473,85,561.6,2026-09-20 20:47:01
847,1000,-0.281538,85,562.2,2026-09-20 20:47:02
848,1000,-0.424016,85,562.9,2026-09-20 20:47:03
849,1000,-0.532868,85,563.5,2026-09-20 20:47:03
850,1000,-0.218910,85,564.2,2026-09-20 20:47:04
851,1000,-0.341246,85,564.8,2026-09-20 20:47:05
852,1000,-0.285689,85,565.5,2026-09-20 20:47:05
853,1000,-0.491290,85,566.2,2026-09-20 20:47:06
854,1000,-0.211357,85,566.8,2026-09-20 20:47:07
855,1000,-0.324904,85,567.5,2026-09-20 20:47:07
856,1000,-0.223205,85,568.1,2026-09-20 20:47:08
857,1000,-0.293803,85,568.8,2026-09-20 20:47:09
858,1000,-0.297854,85,569.4,2026-09-20 20:47:09
859,1000,-0.273617,85,570.1,2026-09-20 20:47:10
860,1000,-0.273378,85,570.6,2026-09-20 20:47:10
861,1000,-0.289297,85,571.4,2026-09-20 20:47:11
862,1000,-0.327886,85,572.0,2026-09-20 20:47:12
863,1000,-0.212325,85,572.7,2026-09-20 20:47:12
864,1000,-0.317940,85,573.2,2026-09-20 20:47:13
865,1000,-0.252250,85,574.0,2026-09-20 20:47:14
866,1000,-0.385469,85,574.5,2026-09-20 20:47:14
867,1000,-0.223006,85,575.2,2026-09-20 20:47:15
868,1000,-0.308871,85,575.9,2026-09-20 20:47:16
869,1000,-0.343107,85,577.4,2026-09-20 20:47:17
870,1000,-0.355121,85,578.0,2026-09-20 20:47:18
871,1000,-0.469934,85,578.7,2026-09-20 20:47:18
872,1000,-0.239757,85,579.3,2026-09-20 20:47:19
873,1000,-0.381435,85,579.8,2026-09-20 20:47:20
874,1000,-0.284811,85,580.5,2026-09-20 20:47:20
875,1000,-0.319477,85,581.1,2026-09-20 20:47:21
876,1000,-0.151640,85,581.8,2026-09-20 20:47:22
877,1000,-0.317227,85,582.4,2026-09-20 20:47:22
878,1000,-0.340722,85,583.2,2026-09-20 20:47:23
879,1000,-0.218583,85,583.7,2026-09-20 20:47:24
880,1000,-0.216387,85,584.5,2026-09-20 20:47:24
881,1000,-0.350093,85,585.1,2026-09-20 20:47:25
882,1000,-0.346445,85,585.8,2026-09-20 20:47:26
883,1000,-0.203985,85,586.4,2026-09-20 20:47:26
884,1000,-0.395583,85,587.1,2026-09-20 20:47:27
885,1000,-0.287975,85,587.7,2026-09-20 20:47:28
886,1000,-0.313007,85,588.4,2026-09-20 20:47:28
887,1000,-0.228459,85,589.1,2026-09-20 20:47:29
888,1000,-0.250622,85,589.7,2026-09-20 20:47:29
889,1000,-0.423627,85,590.4,2026-09-20 20:47:30
890,1000,-0.200039,85,591.0,2026-09-20 20:47:31
891,1000,-0.364040,85,591.7,2026-09-20 20:47:32
892,1000,-0.233009,85,592.3,2026-09-20 20:47:32
893,1000,-0.243589,85,593.0,2026-09-20 20:47:33
894,1000,-0.194552,85,593.6,2026-09-20 20:47:33
895,1000,-0.372712,85,594.3,2026-09-20 20:47:34
896,1000,-0.346598,85,594.9,2026-09-20 20:47:35
897,1000,-0.430835,85,595.6,2026-09-20 20:47:35
898,1000,-0.434368,85,596.3,2026-09-20 20:47:36
899,1000,-0.294010,85,597.0,2026-09-20 20:47:37
900,1000,-0.150868,85,598.5,2026-09-20 20:47:38
901,1000,-0.185935,85,599.2,2026-09-20 20:47:39
902,1000,-0.302705,85,599.8,2026-09-20 20:47:40
903,1000,-0.288558,85,600.5,2026-09-20 20:47:40
904,1000,-0.391138,85,601.1,2026-09-20 20:47:41
905,1000,-0.266955,85,601.8,2026-09-20 20:47:42
906,1000,-0.260814,85,602.4,2026-09-20 20:47:42
907,1000,-0.301559,85,603.1,2026-09-20 20:47:43
908,1000,-0.381791,85,603.7,2026-09-20 20:47:43
909,1000,-0.373286,85,604.4,2026-09-20 20:47:44
910,1000,-0.209035,85,605.1,2026-09-20 20:47:45
911,1000,-0.201477,85,605.7,2026-09-20 20:47:45
912,1000,-0.246604,85,606.4,2026-09-20 20:47:46
913,1000,-0.339908,85,606.9,2026-09-20 20:47:47
914,1000,-0.243737,85,607.7,2026-09-20 20:47:47
915,1000,-0.294282,85,608.3,2026-09-20 20:47:48
916,1000,-0.282453,85,608.9,2026-09-20 20:47:49
917,1000,-0.314926,85,609.7,2026-09-20 20:47:49
918,1000,-0.259781,85,610.3,2026-09-20 20:47:50
919,1000,-0.349933,85,610.9,2026-09-20 20:47:51
920,1000,-0.218029,85,611.7,2026-09-20 20:47:51
921,1000,-0.240302,85,612.2,2026-09-20 20:47:52
922,1000,-0.432218,85,613.0,2026-09-20 20:47:53
923,1000,-0.207368,85,613.5,2026-09-20 20:47:53
924,1000,-0.160465,85,614.3,2026-09-20 20:47:54
925,1000,-0.333489,85,614.9,2026-09-20 20:47:55
926,1000,-0.342134,85,615.5,2026-09-20 20:47:55
927,1000,-0.258476,85,616.2,2026-09-20 20:47:56
928,1000,-0.236139,85,616.8,2026-09-20 20:47:57
929,1000,-0.328509,85,617.5,2026-09-20 20:47:57
930,1000,-0.327526,85,618.1,2026-09-20 20:47:58
931,1000,-0.385280,85,619.6,2026-09-20 20:47:59
932,1000,-0.155396,85,620.3,2026-09-20 20:48:00
933,1000,-0.191663,85,620.9,2026-09-20 20:48:01
934,1000,-0.196738,85,621.6,2026-09-20 20:48:01
935,1000,-0.185680,85,622.2,2026-09-20 20:48:02
936,1000,-0.510032,85,622.9,2026-09-20 20:48:03
937,1000,-0.259209,85,623.5,2026-09-20 20:48:03
938,1000,-0.304865,85,624.2,2026-09-20 20:48:04
939,1000,-0.233060,85,624.8,2026-09-20 20:48:05
940,1000,-0.358275,85,625.5,2026-09-20 20:48:05
941,1000,-0.378540,85,626.1,2026-09-20 20:48:06
942,1000,-0.303885,85,626.8,2026-09-20 20:48:07
943,1000,-0.348039,85,627.4,2026-09-20 20:48:07
944,1000,-0.228282,85,628.1,2026-09-20 20:48:08
945,1000,-0.224523,85,628.8,2026-09-20 20:48:09
946,1000,-0.263504,85,629.4,2026-09-20 20:48:09
947,1000,-0.264585,85,630.1,2026-09-20 20:48:10
948,1000,-0.305122,85,630.8,2026-09-20 20:48:11
949,1000,-0.236791,85,631.4,2026-09-20 20:48:11
950,1000,-0.232739,85,632.0,2026-09-20 20:48:12
951,1000,-0.366382,85,632.6,2026-09-20 20:48:12
952,1000,-0.266033,85,633.3,2026-09-20 20:48:13
953,1000,-0.244510,85,633.9,2026-09-20 20:48:14
954,1000,-0.246422,85,634.7,2026-09-20 20:48:14
955,1000,-0.294462,85,635.2,2026-09-20 20:48:15
956,1000,-0.362360,85,636.0,2026-09-20 20:48:16
957,1000,-0.288686,85,636.6,2026-09-20 20:48:16
958,1000,-0.320763,85,637.3,2026-09-20 20:48:17
959,1000,-0.340195,85,637.9,2026-09-20 20:48:18
960,1000,-0.310431,85,638.6,2026-09-20 20:48:18
961,1000,-0.293216,85,639.2,2026-09-20 20:48:19
962,1000,-0.232557,85,640.6,2026-09-20 20:48:20
963,1000,-0.288916,85,641.3,2026-09-20 20:48:21
964,1000,-0.203657,85,642.0,2026-09-20 20:48:22
965,1000,-0.316791,85,642.6,2026-09-20 20:48:22
966,1000,-0.245686,85,643.3,2026-09-20 20:48:23
967,1000,-0.317324,85,643.9,2026-09-20 20:48:24
968,1000,-0.397409,85,644.6,2026-09-20 20:48:24
969,1000,-0.334131,85,645.2,2026-09-20 20:48:25
970,1000,-0.236258,85,645.9,2026-09-20 20:48:26
971,1000,-0.315059,85,646.5,2026-09-20 20:48:26
972,1000,-0.251110,85,647.2,2026-09-20 20:48:27
973,1000,-0.333584,85,647.8,2026-09-20 20:48:28
974,1000,-0.223337,85,648.6,2026-09-20 20:48:28
975,1000,-0.170288,85,649.1,2026-09-20 20:48:29
976,1000,-0.377243,85,649.8,2026-09-20 20:48:30
977,1000,-0.491929,85,650.4,2026-09-20 20:48:30
978,1000,-0.308234,85,651.1,2026-09-20 20:48:31
979,1000,-0.241451,85,651.7,2026-09-20 20:48:32
980,1000,-0.367517,85,652.4,2026-09-20 20:48:32
981,1000,-0.257266,85,653.1,2026-09-20 20:48:33
982,1000,-0.265717,85,653.7,2026-09-20 20:48:33
983,1000,-0.243343,85,654.4,2026-09-20 20:48:34
984,1000,-0.220224,85,654.9,2026-09-20 20:48:35
985,1000,-0.179168,85,655.7,2026-09-20 20:48:35
986,1000,-0.256660,85,656.3,2026-09-20 20:48:36
987,1000,-0.404246,85,656.9,2026-09-20 20:48:37
988,1000,-0.393559,85,657.6,2026-09-20 20:48:37
989,1000,-0.205249,85,658.3,2026-09-20 20:48:38
990,1000,-0.326342,85,658.9,2026-09-20 20:48:39
991,1000,-0.199102,85,659.6,2026-09-20 20:48:39
992,1000,-0.282276,85,660.2,2026-09-20 20:48:40
993,1000,-0.280590,85,661.5,2026-09-20 20:48:41
994,1000,-0.276226,85,662.1,2026-09-20 20:48:42
995,1000,-0.205457,85,662.7,2026-09-20 20:48:42
996,1000,-0.321184,85,663.3,2026-09-20 20:48:43
997,1000,-0.168042,85,663.9,2026-09-20 20:48:44
998,1000,-0.263557,85,664.7,2026-09-20 20:48:44
999,1000,-0.405769,85,665.2,2026-09-20 20:48:45
1000,1000,-0.248154,85,666.0,2026-09-20 20:48:46
