variant,config,nRuns,nSuccess,abortRate,K1_mean,K1_std,K1_median,K2_mean,K2_std,K2_median,K3_mean,K3_std,K3_median,K4_mean,K4_std,K4_median,K5_mean,K5_std,K5_median,K6_mean,K6_std,K6_median,K7_mean,K7_std,K7_median,K8_mean,K8_std,K8_median,K9_mean,K9_std,K9_median,T1_mean,T1_std,T1_median,T2_mean,T2_std,T2_median
nominal weights,PPO_optimized,5,5,0,-0.195733844715115,0.126364785095107,-0.169719480292026,0.00499896167039434,0.00160644954818481,0.00474628026056363,0.166959321881075,0.0116015033597506,0.164212735437584,0.0252233394498388,0.0206847627523604,0.0147745165048544,0,0,0,0,0,0,0.0100875821920867,0.00134103493357507,0.00972724208334875,0.0131469708286296,0.00638080127816365,0.0124077786491636,2.22053927585082,0.846431485236776,1.9812362326379,0.0969015961609201,0.0217985982681016,0.0971225102428924,8.64880686033333,0.0453555945655483,8.67271548333333
wp x0.5,PPO_optimized,5,5,0,-0.332256825505965,0.139505345789046,-0.249689836091035,0.0113576954510816,0.00492661141446708,0.0088082360677255,0.270131887007818,0.0420806361599819,0.252379532323362,0.017899701145291,0.00726991695839539,0.0146936623571195,0,0,0,0,0,0,0.00823672772740452,0.000400739484348474,0.0081348537526141,0.00859864378395735,0.00300055995728775,0.0069204302859769,1.83107418546628,0.524772823732169,1.86942302567813,0.0858835755165693,0.0357615216056782,0.0741639791300218,15.2203254126667,0.0869821232882465,15.182781575
wp x2,PPO_optimized,5,5,0,-0.553683646019201,0.690594955549692,-0.369077055569208,0.00628630664828042,0.00427426426013469,0.00621011596102409,0.170931701440044,0.0234502865363887,0.156662935793182,0.0695378319136169,0.0600307070272244,0.0525281307639408,0,0,0,0,0,0,0.00930836001003895,0.00153327521537921,0.0096256818323987,0.0228505235179511,0.0074576284500508,0.0220368985864565,2.81092685115795,1.00302980682132,2.48263117055255,0.335770493244499,0.16713343238971,0.393789545331503,14.4948326416667,0.548927496370671,14.6960169083333
wv x0.5,PPO_optimized,5,5,0,-0.0886350224784903,0.0279168342775701,-0.089237100437475,0.0026116194758087,0.00100835497125891,0.00290093280545803,0.15647553782186,0.00401574454904173,0.157778055059055,0.0164152738878943,0.00288526536559191,0.0162658157690614,0,0,0,0,0,0,0.00886277451167977,0.000549553168261903,0.00870200281410804,0.0110253691050791,0.00182020050187867,0.0108341465017218,2.41101787922262,0.35380205683122,2.42759398366131,0.0832499311016262,0.00877515164396182,0.0798531134970299,15.482348319,0.104739716177222,15.4677766016667
wv x2,PPO_optimized,5,5,0,-0.189913065940147,0.16514880511313,-0.105690548026636,0.00580793810114428,0.00510021091005497,0.00356384665976491,0.179210599613294,0.0449991453972692,0.155274585018045,0.0207684087485538,0.0120012527529235,0.0155664944299794,0,0,0,0,0,0,0.0119064511824964,0.00249357756429428,0.0133824420348272,0.0131063466628363,0.00391362124062739,0.0108991682425498,2.31890992857858,0.666686164315916,2.55126485720518,0.139425449064177,0.0624058044822473,0.138591470624801,15.9575853963333,0.127236348602145,15.96975252
wori x0.5,PPO_optimized,5,5,0,-0.183090286039632,0.107209697011278,-0.167106796008408,0.00435062703537368,0.00303982154875627,0.00271884212573851,0.190959804786127,0.0516642513108807,0.162744971769694,0.0276737949023652,0.012892975252276,0.0257421692686428,0,0,0,0,0,0,0.00924523823571428,0.000647807418579709,0.00944869835145944,0.0145798012595291,0.0117398084625121,0.00924400589466071,2.23826901360464,0.335318018286701,2.45949300467279,0.108115073272018,0.0323770105750206,0.0935577466181911,16.15166729,0.207260422638815,16.2014856066667
wori x2,PPO_optimized,5,5,0,-0.204786992549217,0.193603758872559,-0.106952118508674,0.00721212268801307,0.00718395130680364,0.00368141263631264,0.190161006170673,0.0730897287836327,0.155028740696057,0.0119346899886044,0.00454777227721572,0.0121075202677123,0,0,0,0,0,0,0.0084971488030885,0.00125944245715513,0.00838071621019884,0.00781823742556961,0.00154729128014813,0.00730627832042259,2.09632445727721,0.285292043962942,2.17593918821958,0.140028375237462,0.0864624925980792,0.111240328064626,16.312342391,0.304647694074859,16.4476772616667
wwb x0.5,PPO_optimized,5,5,0,-0.129235770285754,0.0595627110613684,-0.119087708507169,0.00384216060262097,0.00145153799450217,0.00392982057302665,0.159686106032403,0.00853033423397954,0.161143275881766,0.0182876088718513,0.00575140975891205,0.0189030857235098,0,0,0,0,0,0,0.00999349680834522,0.000705885360565491,0.00988440413642138,0.0115791719118714,0.00571835177536311,0.0103967437593227,2.20505708963448,0.377359538557785,2.08421754030161,0.104081028467386,0.024311295595915,0.118311553166903,16.4966960223333,0.293165982154267,16.46138308
wwb x2,PPO_optimized,5,5,0,-0.158055395444909,0.0999452916542154,-0.0949912902643604,0.00509040648909448,0.00365718814716664,0.00337019605942366,0.171336653692674,0.0264128913764387,0.157846291958704,0.0154296451373008,0.00642030884924373,0.0152203856825424,0,0,0,0,0,0,0.00788041467718395,0.00108665442194103,0.00787132512379716,0.0101744837540272,0.00596504464435628,0.00898904119211896,1.89420649331179,0.327336950495228,2.04129110537185,0.108086766884678,0.0613053801568183,0.0866917757554786,16.6727978986667,0.252728484147408,16.6908633933333
